i	CT
0	f29000b62a499fd0a9f39a6add2e7780
1	f29000b62a499fd0a9f39a6add2e7780
2	f29000b62a499fd0a9f39a6add2e7780
3	f29000b62a499fd0a9f39a6add2e7780
4	f05d76ae4ab99fe5a6f69b3148c2363d
5	d24356532881602f809eb383c5ff5d56
6	5d15369920a8454134a61443fe5fd1b0
7	62b5e1438a1f9d3523ac06b82b425cab
8	067ee0132cf8c1c8ecf5122a27efe1c3
9	6b3f553b40b6afda19fa41227602fe5d
10	99ab808ea7d21c13425b3efc171811da
11	668acd50a94291d74838df087526a782
12	3936e4df84e7af298871972ef64011d2
13	92445d29d89013badaa43a620ee419b9
14	c46696276eea0ef7fdd1f01796abfed3
15	c865fc08d4eb4ab56f904207d02c561b
16	ca3145b7e87482a4f316037495e4d542
17	a50cbd384dbd44b829d6cf66892bd95f
18	3923927d2f37dac2826aff6e341e324c
19	a650f543dabbfaa9f1147c6d6fcafbee
20	6478efa78af29759042c61b86e7a22f3
21	efe858b3e6a81921d2c12bd477b590a9
22	9ee1affe0f4580c40784e2ad0864f99f
23	11e4267da82a9ce3ced7ac82005127f3
24	2408c626bbc25501bc9c8a07c1be3970
25	c508bdb7d9f4e282f6041ca2011c2ac5
26	66f8678671b631574000c698cee0eb78
27	108e295f4f93730bba4487de64dbdcbf
28	c604029da209750047177972ea02b97d
29	0f62eade39d8a295745ff1ad36e95d58
30	7b310a1f39cba316d611527773128adb
31	959f697109bad67a2c1de1fd74a1b2fe
32	a6c9c4d9c6fa8ceae128ee76854e00ac
33	6cfaf68588524f566433917168e13874
34	105c49f8b40c05c5201d9fe84aee4cb9
35	444796ef7647c59eafaa6252297a190a
36	2e4a04fd5e34c7759d52e52ebbd710a0
37	43100d3acffde5ea71427d52ef977645
38	25ff8096b196c85b5764401ea717669d
39	98a788fef17208c53b9d5be3eabfa204
40	953d7879b73721cd51534386d83d2194
41	85cee2d00732dbf7c773b0fd90f923c2
42	32729fa5fc6f801633c78790cd858925
43	2e6377ece9b941bcda08152cae4fac34
44	85396afd9ccd3243fb18907d86fef9b4
45	346451fd40539bea4b16466fc5061d23
46	7642aac22f1a43f6a60f1c271198ac2f
47	991acb316beb5141282e95edf98437ee
48	c78335b3fed8a381ff7e2a017591d82f
49	816fdbb541ce12d44940bf0d806f22b0
50	e29f4d395730b664f614d800366d4027
51	8e9042dd85326469579776e53bfb31f0
52	864c67508f61c4aaabf40a3ec36e589d
53	0d7e3ca648da89ae3eb122dced4d8b32
54	b7ea08c82172c33a37bfd602c1d4599f
55	7956fefd9955bc6e1e6eb6b391852da4
56	436f4bb57df04814199f06351cff194b
57	090dc43793093705db58bb28a654e05c
58	8ccd82e0d7061cb185a6eced9e1dc50a
59	a67279af746c55dc7e2b24ff1e87d6f2
60	4bd8f2fef9a3532e689a7151c958ce49
61	dfaa7e4ea80b2683893ff9828fde6001
62	9a93caa60b47ea5121171084546cebb1
63	04e41a0d02e32141f1ddaf715f57bea4
64	87f0b0d25759e0f0ba40e3c7aaf6674b
65	8173a2d506b19cc7381e2079da7b97a2
66	682ff6387906c0e7e9c500ea0f6e61d2
67	45f4ec30190b2e53d5682717663e7826
68	dddfd9c103786b32c481675a3a9588ec
69	3298e229885282dd9155558a9f81322f
70	cbf7ce267357e0ca3845fbb967d07802
71	d0e7011ddf4b7fd43fe61c76a32ef247
72	a4fd358c46501b68893dca940f603f65
73	dd9a47f7edd09152bb30ec6a7b87b4b7
74	6dec38b48209f99f9491742df6e98f44
75	924df8fee22531056ce0daf47296c7fb
76	a932a300282a97d4f622575f74f59f52
77	3ab410592a15af28dfe7850e47c843b7
78	5673ade55bec07c43b96d4c480137846
79	2a953db91832fcb4e775f19983c70669
80	9fbf5cc56884f8d4994d51a7937d5fdf
81	0a9deeabb81323dbefe5cc0a8f6060eb
82	ec295b4630a8f4862fd21cd72bf8b006
83	bfc2e5619e2a38ed462c619d0b7c4355
84	b0dc5d8221fd046fb3b744dd15a8871e
85	29eaa51544a09ce02ef915702e2c5ecb
86	0c6517188b3d1bf2d56f194228b874f2
87	5f948999b3921df62ba32a64ef3b2edf
88	236e542708c20b76df489bd10660b879
89	dfb14c30c42f99be69797894285aade9
90	5ef16d550089d5dde1477d09115c06a1
91	054fcf4ff65e7949274df146db53e825
92	cb40879ab3493286dd8e5535ce2467ae
93	31eb5eae34fb4b4bd36febb27978d88d
94	77f7c0aa9d2c794cd4c0be333e59e35c
95	e16f9a9aa870f337bbdca1c9424e3f53
96	83c9b0746fcc518450f3567f5d8d530d
97	8c032130a73913de7c1f43bee9f94221
98	049a4aa1e385965cc5edc32c4a451cec
99	bc27511a0734dac87c8c1357cbbcff58
100	e375ab84982c470377e07abb029ecb46
101	caef57d0090a0b89285ae7341151e726
102	36be06af1247c3ce0adbacaf7b75d3d5
103	dede6dbb036af551796a72853359308c
104	dbb7c4473a702618b5c5ce3032364d28
105	d85ce05bcdcb30f69d4b39537672a23a
106	813f4195d8eaf4037344be0416d52d75
107	9978675ad845151f021267bc105c85a5
108	8c245a828aad0496ac82b6e13dd598a2
109	69a38e396b3d0c4ecfb4b06f5ec908fb
110	54eebfd2a929e76d94532d0204c5596c
111	94d9375068fd1cb9db6e33597e9ddd28
112	d48c5a73c9280af9a9d3aa865e3f7c08
113	70b3c3dfce99968f14e9ee3d5609a02d
114	ed22e90d4ecf6f41fe23fbcbf858d755
115	af8ad714909d14d8caf7758c2bfd5780
116	827c26682c096e57f7b693949a59f62a
117	edd6d7ae5c139034d218624a8320d16b
118	ae752c5565022f08034a1b6e3c7613cb
119	e32ed7e43e2149e6aa7ff0891adbd973
120	aa96c0800025e426fb83d06dec9ae6d9
121	8417b2b2fadb6ab6def63f81d4d7ece6
122	1b84e9a94908a2d9d3e519ce41763ecb
123	515891cfe579a46a254e9b296a2395f6
124	8f603e9a83ddc880b1f2bfa1913cb8ff
125	05b2ef4b19316fcd2667c41d89d8d563
126	d3be1225f129fe316e2b17128acac4b0
127	863b1e929ccc4c888308757c427d6f46
128	21929f97d113b048fba6b58b0e925cae
129	8cc61396f95a3a145e3bed8eaa35cdec
130	eaa969836c2880473abc6e4816784532
131	98c3852f85f016f460a1c3a8e81d722e
132	7069154badaa0ea21a86b16e2a82ee2f
133	5d204b668567280a88fd76cfb84b3831
134	10fad3131504046147c512a62a00fd56
135	76da8b860a72688adda3ad1b693f1609
136	464fc48400b61c510f6fa11b1b719003
137	71ec037fe7aac62d001b93e90de5ffc4
138	bbe6a8f2c902e5e5c3e4dbff002c54f8
139	8f95bd2992cfd497e3d042e82a203950
140	ece643680f5248bc6fcaeb4602f32cc0
141	3c2098991dfb1920d8e9b3d3f7bb6190
142	e1364a7b92338c9617c3d5809792ab9b
143	9f0b6b214c28932a713bcda68011863f
144	51761aa6021501ec6df66e0dd61adc33
145	f567147e62f55d7fc3c6884e8fb85a65
146	beff7638cb2aee5f5c105f4c6a25efe5
147	d99929f31656acca2b207e0db53ec061
148	1402b3dd25f04e261a6f0cdc056eb688
149	59822bf9f682039a48d8fcce2501ec29
150	248c5b2da2aaeb7a2885c027f29ea7ed
151	015faa0bd5c065c3d81b8ba14f425852
152	008534687ab4b9928e6d2281b6677c54
153	586dd02be587cde080a6099b0711b3cb
154	70758462ffc956acdd36b899cc6f1730
155	b4e0ca643c5a6b0ac6fcd9292b715094
156	6517d629e54eaa3728365e9356a7b5d5
157	5138bfd2b55f900a47f8759b1522b7aa
158	14a32e5b72ccdbb4528c66f5b18c0f92
159	8aeb1ef6506792c51c29934ae4c108f7
160	27b09061a889bf779dc638cf14674831
161	36e2f349e45ba88792dffd2738253b08
162	3d4bff454d68a601667fa7f8be6c07e8
163	a2eb456160702d31dd03acf57ea7724e
164	9d86e3c553a40d2bb154b008b56f02fd
165	e6d805c1a8c75171e39eb18694552fcf
166	000a090d8b68dae337e9113d124dc273
167	709c9e4284198c2988ca6450d5cf8ecb
168	7018f3c8bfe83b2c75568c6679b44fd2
169	51036752e42d8fe765c3a62373b98c4e
170	14b9b747a2131d6878fb635dd947871b
171	080d43d715bba000652a0a1821953fb9
172	e249605c56a56a2ef5fbc0fd2d21ea65
173	e84db4ee9a1e0237e6b5f764a56b42e0
174	10065e863627084fb0b1b1fe41fa29c1
175	808ffff00668133ec355d54607cde5d8
176	06575e179688576d84a854077e1ee723
177	44cdf534be9041c2f9bc9e7c52366f48
178	a25f22f600b0cd2f6a1b475a3ec23fba
179	6d1eb3235954586552de875c7741e14f
180	3ed1f2a3d07ecf0c0ce1496fe3e88cb5
181	c7a0b8b35f3b06b34f58b962691b4fd2
182	c671a75fb32e47e36b9849db4b9a67dc
183	fd2acadd399b58ee35971534e009b912
184	605b0e9710426fcc1f6ba3fa451e9abb
185	418570cbfdce3fd7051caaf4eac6cc8d
186	8725ac8d2add30b5ef8ad7123e18f37c
187	39be5159e8bf7fce436ac5996ff7a045
188	c96e806f20a54e68273c59213269526a
189	2b399b77e7df320f277b897beb4380fb
190	8fbe75c1e45e1310a849b0ec57c31f0d
191	5229d24fa61ace33728869ceb9dcba6a
192	d0a3a36826530c663193fc0bac75fd4c
193	2ee0a8a0d2ce75e5c34dcc1c33633ce5
194	d845715b38e5a0630fe4abbb9397aa17
195	765081142b7cd4d2c172c86e3fc2ef12
196	bdea958e4f250f58e9033801772c2bcd
197	1bd8ffcbf83a56ab6108a5e90a0c6d24
198	0aa051c249eb5cc654f790a93a119b23
199	58791e631a445027f111add75ecbc897
200	436c0db216afb3cc6c80577ec579db22
201	dc1eade1df845aa1db6561c8f80b284d
202	0ef7af78cb06f66f1a3a2700587b6544
203	4af47e2dcb6f4c35a305555fc09353b3
204	c73ec5cb44ad38d0f90ca4dd0412a96e
205	78fdc918b5eb4c531a33b4dc9d601590
206	45113178eb9875722576f7a7ebd481b5
207	35e324029a5afb6e45bccac57880f2ab
208	9a09f01a75669700b19b6def0ab28f6d
209	f2c58a7c52d0a0ff9d30f299f4606d2c
210	95f8f86e0278f14143fe35410be7cb15
211	a908fa0667ff17a51014770ff863af4b
212	1d666e0f3eb39f28ab3714db2a7bfbc3
213	2c4fcf0f910839864c0b69d305e764ae
214	ec14efa7314ecd75b97d0c2fb21e2e59
215	caa70357263773abb35788b8b47ca6a3
216	d99c7599fb2a95b39da69294a729403d
217	9b885f7126d2f82cc0430342b6ae182c
218	42869859d67a4cfecad7780e2177b059
219	6ae645218ddac76f3b9fa19564bc2f95
220	a6139e84c6672fbdc5adb9c47429f369
221	c4dea351865944d667a29258c7b79cb0
222	059927eb417fea73682f026289c980bb
223	d342fb8e2f6acaf0e9f701864d1eb55c
224	da661c3292b8756072667d575646f123
225	ff2bd31b41c6d4beafc16127e3033116
226	c0f0be4fc3adfab362e2bc7cf2e93233
227	c948a9731d6b83b27f490475cdf07635
228	7914f8f01bbed5d19cc2fb646c140c2d
229	726abbc9d1f24d6c0d93501dc45ed235
230	9d5a996878f813468b75501d5708f24a
231	3002ff3769ca398ab3b2960136816761
232	a7cf335e12159fb7e5ab15cd5ae4a22e
233	4c2db515efa88c20a7bfe271d80db5d3
234	c5d538a03354dea7bf024c3ba813fcde
235	c7c804533023254576895cfaf7106b06
236	009c7ed2619b0190a1a66a23f8cf146a
237	50aca8dcd303c11c13cb7983d8efb43e
238	5cd2db922ba7faa1418c6736bc9ad474
239	9dd4f70bce8fa15fdc06951257baa58c
240	a88da83613a8bd4081bca4cacccb7c19
241	9a415d1e0703a021497af6fcfbbde0fe
242	71ae34ae41509cd99438438089b2ce39
243	48c432debe28f74961b3165bb03b4d60
244	e45f8c94784acd8c06a382ea4b04798f
245	92e463c03e23d05ef9008542bdeb49b0
246	5c6fe2aa0658df8d67453852371177b8
247	0b8ac8847c9a223f44904debfb4e89c1
248	ef679e265730fefbb0a1fc1329e81cf1
249	5f5dec526a3bd8832d98c8e64038aced
250	47f2e84868f0a3bec2b0ae72b4f7d824
251	039643aff1e8089ecc6d1d6d48adb3a5
252	b8b56330243c275a96975771a4b61c53
253	ea841897c5b49b43a771bfa3859ae3a2
254	79a7d579466ceb4bc707d80ca79de013
255	3480bfd22fd01cdf989e68f11f92156c
256	6787dd3e890c2a4512505b57c5a7b764
257	9510bae69ad0b2bc856b22dba60c28bd
258	d60023e05594add0c4c00b8fab6dccbf
259	012921eaca91aea53b7e65433261ee4b
260	ff988ffd907040616cd3066a936f36b5
261	c44f18bfda937e369788778136dfed74
262	12f9dbe584577d3f231a1971fcc9d361
263	764ae360881794cfe6faa2f7e962ab63
264	f7e77029295ae5c4260c31d6b86032a8
265	6b11d79f47601a6cf317b22ccf679acb
266	e3051335c9c83e08d64b46a71198653a
267	d329d95a2566aa918944aa760ed75038
268	d5f7324fe9bcce6ed6761ffe4e7479ee
269	be440907aa25ad108cd44f9c60e4c360
270	047bb606844473d43c2f08ee5e8c7241
271	52f2a837e098ee2706cab0d27e5f0c7e
272	78088a0f8e04daeb56cc4acf275c5be4
273	b78d1240ae3ca4fd8db2ed8646f86423
274	e39d01888141d56f15b45c2f0c143460
275	506e1bcd1e7f5d594c7772eec656bda6
276	d4a12e9ff5232492706c88afcff8d6ff
277	f2cb2f2fcd2b8c60e7ca2771df6e2dda
278	722a155db23cdff03527c17b31d54adf
279	debf3ac41416e5e109f4a229e54ed7fb
280	d416f9a357ebf673233cd845d7185bf7
281	2ce0c724c784dd03a42c912b59462c07
282	97644a64301f610b4d66d4ae77586142
283	6388bb717b850a9c9b9bd7a1cd316e90
284	fe7bf55d325896aa06609773427a512c
285	6d85eb06a464c0da744ca95964a11e6e
286	af0f49de2f9ccc25b10b3076c98e7c46
287	4329e527607dcf9ad8c0c2a9ed1fc392
288	a49a20d2b87d73e703e98d0bb8056409
289	7c354641132bb98f6fcd08350abf1194
290	03baf0f83f09e9c5143ce31d428b7fc8
291	f3c72fd5d2387b62fb2583d3a0c429e8
292	8616ccf28ce0a552277ea4b06f7bdc4e
293	34c2538c13251b36511371de276caafb
294	03f27ec16a86ba1f7fef42b312e2b6f0
295	75c3abe34a1b3b80be21a6644f4c9f04
296	d19ee7c76031c40bc409cd95ffe2409a
297	35836a184997da1bf9d5e634d62c2faf
298	477d789a3fdc15a17f2139ae7f91d6f3
299	927e7fa4cb0b330ae68aa1085af73180
