Index	Register
0	fafafafafafafafafafafafafafafafa	00000000000000000000000000000000
1	f5f5f5f5f5f5f5f5f5f5f5f5f5f5f5f4	00000000000000000000000000000000
2	ebebebebebebebebebebebebebebebe8	00000000000000000000000000000000
3	d7d7d7d7d7d7d7d7d7d7d7d7d7d7d7d0	00000000000000000000000000000000
4	afafafafafafafafafafafafafafafa1	00000000000000000000000000000001
5	5f5f5f5f5f5f5f5f5f5f5f5f5f5f5f43	00000000000000000000000000000003
6	bebebebebebebebebebebebebebebe87	00000000000000000000000000000007
7	7d7d7d7d7d7d7d7d7d7d7d7d7d7d7d0e	0000000000000000000000000000000e
8	fafafafafafafafafafafafafafafa1c	0000000000000000000000000000001c
9	f5f5f5f5f5f5f5f5f5f5f5f5f5f5f438	00000000000000000000000000000038
10	ebebebebebebebebebebebebebebe871	00000000000000000000000000000071
11	d7d7d7d7d7d7d7d7d7d7d7d7d7d7d0e2	000000000000000000000000000000e2
12	afafafafafafafafafafafafafafa1c4	000000000000000000000000000001c4
13	5f5f5f5f5f5f5f5f5f5f5f5f5f5f4389	00000000000000000000000000000389
14	bebebebebebebebebebebebebebe8713	00000000000000000000000000000713
15	7d7d7d7d7d7d7d7d7d7d7d7d7d7d0e27	00000000000000000000000000000e27
16	fafafafafafafafafafafafafafa1c4e	00000000000000000000000000001c4e
17	f5f5f5f5f5f5f5f5f5f5f5f5f5f4389c	0000000000000000000000000000389c
18	ebebebebebebebebebebebebebe87139	00000000000000000000000000007139
19	d7d7d7d7d7d7d7d7d7d7d7d7d7d0e273	0000000000000000000000000000e273
20	afafafafafafafafafafafafafa1c4e7	0000000000000000000000000001c4e7
21	5f5f5f5f5f5f5f5f5f5f5f5f5f4389ce	000000000000000000000000000389ce
22	bebebebebebebebebebebebebe87139d	0000000000000000000000000007139d
23	7d7d7d7d7d7d7d7d7d7d7d7d7d0e273b	000000000000000000000000000e273b
24	fafafafafafafafafafafafafa1c4e76	000000000000000000000000001c4e76
25	f5f5f5f5f5f5f5f5f5f5f5f5f4389ced	00000000000000000000000000389ced
26	ebebebebebebebebebebebebe87139da	000000000000000000000000007139da
27	d7d7d7d7d7d7d7d7d7d7d7d7d0e273b5	00000000000000000000000000e273b5
28	afafafafafafafafafafafafa1c4e76b	00000000000000000000000001c4e76b
29	5f5f5f5f5f5f5f5f5f5f5f5f4389ced7	0000000000000000000000000389ced7
30	bebebebebebebebebebebebe87139daf	00000000000000000000000007139daf
31	7d7d7d7d7d7d7d7d7d7d7d7d0e273b5e	0000000000000000000000000e273b5e
32	fafafafafafafafafafafafa1c4e76bc	0000000000000000000000001c4e76bc
33	f5f5f5f5f5f5f5f5f5f5f5f4389ced78	000000000000000000000000389ced78
34	ebebebebebebebebebebebe87139daf0	0000000000000000000000007139daf0
35	d7d7d7d7d7d7d7d7d7d7d7d0e273b5e0	000000000000000000000000e273b5e0
36	afafafafafafafafafafafa1c4e76bc0	000000000000000000000001c4e76bc0
37	5f5f5f5f5f5f5f5f5f5f5f4389ced781	00000000000000000000000389ced781
38	bebebebebebebebebebebe87139daf03	000000000000000000000007139daf03
39	7d7d7d7d7d7d7d7d7d7d7d0e273b5e07	00000000000000000000000e273b5e07
40	fafafafafafafafafafafa1c4e76bc0e	00000000000000000000001c4e76bc0e
41	f5f5f5f5f5f5f5f5f5f5f4389ced781d	0000000000000000000000389ced781d
42	ebebebebebebebebebebe87139daf03a	00000000000000000000007139daf03a
43	d7d7d7d7d7d7d7d7d7d7d0e273b5e074	0000000000000000000000e273b5e074
44	afafafafafafafafafafa1c4e76bc0e8	0000000000000000000001c4e76bc0e8
45	5f5f5f5f5f5f5f5f5f5f4389ced781d0	000000000000000000000389ced781d0
46	bebebebebebebebebebe87139daf03a1	0000000000000000000007139daf03a1
47	7d7d7d7d7d7d7d7d7d7d0e273b5e0743	000000000000000000000e273b5e0743
48	fafafafafafafafafafa1c4e76bc0e87	000000000000000000001c4e76bc0e87
49	f5f5f5f5f5f5f5f5f5f4389ced781d0e	00000000000000000000389ced781d0e
50	ebebebebebebebebebe87139daf03a1d	000000000000000000007139daf03a1d
51	d7d7d7d7d7d7d7d7d7d0e273b5e0743b	00000000000000000000e273b5e0743b
52	afafafafafafafafafa1c4e76bc0e876	00000000000000000001c4e76bc0e876
53	5f5f5f5f5f5f5f5f5f4389ced781d0ed	0000000000000000000389ced781d0ed
54	bebebebebebebebebe87139daf03a1db	00000000000000000007139daf03a1db
55	7d7d7d7d7d7d7d7d7d0e273b5e0743b7	0000000000000000000e273b5e0743b7
56	fafafafafafafafafa1c4e76bc0e876e	0000000000000000001c4e76bc0e876e
57	f5f5f5f5f5f5f5f5f4389ced781d0edc	000000000000000000389ced781d0edc
58	ebebebebebebebebe87139daf03a1db8	0000000000000000007139daf03a1db8
59	d7d7d7d7d7d7d7d7d0e273b5e0743b70	000000000000000000e273b5e0743b70
60	afafafafafafafafa1c4e76bc0e876e0	000000000000000001c4e76bc0e876e0
61	5f5f5f5f5f5f5f5f4389ced781d0edc1	00000000000000000389ced781d0edc1
62	bebebebebebebebe87139daf03a1db82	000000000000000007139daf03a1db82
63	7d7d7d7d7d7d7d7d0e273b5e0743b704	00000000000000000e273b5e0743b704
64	fafafafafafafafa1c4e76bc0e876e09	00000000000000001c4e76bc0e876e09
65	f5f5f5f5f5f5f5f4389ced781d0edc12	0000000000000000389ced781d0edc12
66	ebebebebebebebe87139daf03a1db825	00000000000000007139daf03a1db825
67	d7d7d7d7d7d7d7d0e273b5e0743b704a	0000000000000000e273b5e0743b704a
68	afafafafafafafa1c4e76bc0e876e094	0000000000000001c4e76bc0e876e094
69	5f5f5f5f5f5f5f4389ced781d0edc129	000000000000000389ced781d0edc129
70	bebebebebebebe87139daf03a1db8253	0000000000000007139daf03a1db8253
71	7d7d7d7d7d7d7d0e273b5e0743b704a6	000000000000000e273b5e0743b704a6
72	fafafafafafafa1c4e76bc0e876e094c	000000000000001c4e76bc0e876e094c
73	f5f5f5f5f5f5f4389ced781d0edc1298	00000000000000389ced781d0edc1298
74	ebebebebebebe87139daf03a1db82530	000000000000007139daf03a1db82530
75	d7d7d7d7d7d7d0e273b5e0743b704a61	00000000000000e273b5e0743b704a61
76	afafafafafafa1c4e76bc0e876e094c3	00000000000001c4e76bc0e876e094c3
77	5f5f5f5f5f5f4389ced781d0edc12986	0000000000000389ced781d0edc12986
78	bebebebebebe87139daf03a1db82530d	00000000000007139daf03a1db82530d
79	7d7d7d7d7d7d0e273b5e0743b704a61a	0000000000000e273b5e0743b704a61a
80	fafafafafafa1c4e76bc0e876e094c35	0000000000001c4e76bc0e876e094c35
81	f5f5f5f5f5f4389ced781d0edc12986b	000000000000389ced781d0edc12986b
82	ebebebebebe87139daf03a1db82530d7	0000000000007139daf03a1db82530d7
83	d7d7d7d7d7d0e273b5e0743b704a61af	000000000000e273b5e0743b704a61af
84	afafafafafa1c4e76bc0e876e094c35e	000000000001c4e76bc0e876e094c35e
85	5f5f5f5f5f4389ced781d0edc12986bd	00000000000389ced781d0edc12986bd
86	bebebebebe87139daf03a1db82530d7b	000000000007139daf03a1db82530d7b
87	7d7d7d7d7d0e273b5e0743b704a61af7	00000000000e273b5e0743b704a61af7
88	fafafafafa1c4e76bc0e876e094c35ef	00000000001c4e76bc0e876e094c35ef
89	f5f5f5f5f4389ced781d0edc12986bdf	0000000000389ced781d0edc12986bdf
90	ebebebebe87139daf03a1db82530d7be	00000000007139daf03a1db82530d7be
91	d7d7d7d7d0e273b5e0743b704a61af7d	0000000000e273b5e0743b704a61af7d
92	afafafafa1c4e76bc0e876e094c35efb	0000000001c4e76bc0e876e094c35efb
93	5f5f5f5f4389ced781d0edc12986bdf6	000000000389ced781d0edc12986bdf6
94	bebebebe87139daf03a1db82530d7bec	0000000007139daf03a1db82530d7bec
95	7d7d7d7d0e273b5e0743b704a61af7d8	000000000e273b5e0743b704a61af7d8
96	fafafafa1c4e76bc0e876e094c35efb0	000000001c4e76bc0e876e094c35efb0
97	f5f5f5f4389ced781d0edc12986bdf61	00000000389ced781d0edc12986bdf61
98	ebebebe87139daf03a1db82530d7bec3	000000007139daf03a1db82530d7bec3
99	d7d7d7d0e273b5e0743b704a61af7d86	00000000e273b5e0743b704a61af7d86
100	afafafa1c4e76bc0e876e094c35efb0d	00000001c4e76bc0e876e094c35efb0d
101	5f5f5f4389ced781d0edc12986bdf61a	0000000389ced781d0edc12986bdf61a
102	bebebe87139daf03a1db82530d7bec35	00000007139daf03a1db82530d7bec35
103	7d7d7d0e273b5e0743b704a61af7d86b	0000000e273b5e0743b704a61af7d86b
104	fafafa1c4e76bc0e876e094c35efb0d7	0000001c4e76bc0e876e094c35efb0d7
105	f5f5f4389ced781d0edc12986bdf61ae	000000389ced781d0edc12986bdf61ae
106	ebebe87139daf03a1db82530d7bec35d	0000007139daf03a1db82530d7bec35d
107	d7d7d0e273b5e0743b704a61af7d86bb	000000e273b5e0743b704a61af7d86bb
108	afafa1c4e76bc0e876e094c35efb0d76	000001c4e76bc0e876e094c35efb0d76
109	5f5f4389ced781d0edc12986bdf61aec	00000389ced781d0edc12986bdf61aec
110	bebe87139daf03a1db82530d7bec35d8	000007139daf03a1db82530d7bec35d8
111	7d7d0e273b5e0743b704a61af7d86bb0	00000e273b5e0743b704a61af7d86bb0
112	fafa1c4e76bc0e876e094c35efb0d761	00001c4e76bc0e876e094c35efb0d761
113	f5f4389ced781d0edc12986bdf61aec3	0000389ced781d0edc12986bdf61aec3
114	ebe87139daf03a1db82530d7bec35d87	00007139daf03a1db82530d7bec35d87
115	d7d0e273b5e0743b704a61af7d86bb0e	0000e273b5e0743b704a61af7d86bb0e
116	afa1c4e76bc0e876e094c35efb0d761d	0001c4e76bc0e876e094c35efb0d761d
117	5f4389ced781d0edc12986bdf61aec3b	000389ced781d0edc12986bdf61aec3b
118	be87139daf03a1db82530d7bec35d876	0007139daf03a1db82530d7bec35d876
119	7d0e273b5e0743b704a61af7d86bb0ec	000e273b5e0743b704a61af7d86bb0ec
120	fa1c4e76bc0e876e094c35efb0d761d9	001c4e76bc0e876e094c35efb0d761d9
121	f4389ced781d0edc12986bdf61aec3b2	00389ced781d0edc12986bdf61aec3b2
122	e87139daf03a1db82530d7bec35d8765	007139daf03a1db82530d7bec35d8765
123	d0e273b5e0743b704a61af7d86bb0ecb	00e273b5e0743b704a61af7d86bb0ecb
124	a1c4e76bc0e876e094c35efb0d761d97	01c4e76bc0e876e094c35efb0d761d97
125	4389ced781d0edc12986bdf61aec3b2e	0389ced781d0edc12986bdf61aec3b2e
126	87139daf03a1db82530d7bec35d8765d	07139daf03a1db82530d7bec35d8765d
127	0e273b5e0743b704a61af7d86bb0ecbb	0e273b5e0743b704a61af7d86bb0ecbb
128	1c4e76bc0e876e094c35efb0d761d977	1c4e76bc0e876e094c35efb0d761d977
129	389ced781d0edc12986bdf61aec3b2ee	389ced781d0edc12986bdf61aec3b2ee
130	7139daf03a1db82530d7bec35d8765dc	7139daf03a1db82530d7bec35d8765dc
131	e273b5e0743b704a61af7d86bb0ecbb8	e273b5e0743b704a61af7d86bb0ecbb8
132	c4e76bc0e876e094c35efb0d761d9770	c4e76bc0e876e094c35efb0d761d9770
133	89ced781d0edc12986bdf61aec3b2ee0	89ced781d0edc12986bdf61aec3b2ee0
134	139daf03a1db82530d7bec35d8765dc0	139daf03a1db82530d7bec35d8765dc0
135	273b5e0743b704a61af7d86bb0ecbb81	273b5e0743b704a61af7d86bb0ecbb81
136	4e76bc0e876e094c35efb0d761d97702	4e76bc0e876e094c35efb0d761d97702
137	9ced781d0edc12986bdf61aec3b2ee05	9ced781d0edc12986bdf61aec3b2ee05
138	39daf03a1db82530d7bec35d8765dc0a	39daf03a1db82530d7bec35d8765dc0a
139	73b5e0743b704a61af7d86bb0ecbb814	73b5e0743b704a61af7d86bb0ecbb814
140	e76bc0e876e094c35efb0d761d977028	e76bc0e876e094c35efb0d761d977028
141	ced781d0edc12986bdf61aec3b2ee051	ced781d0edc12986bdf61aec3b2ee051
142	9daf03a1db82530d7bec35d8765dc0a3	9daf03a1db82530d7bec35d8765dc0a3
143	3b5e0743b704a61af7d86bb0ecbb8146	3b5e0743b704a61af7d86bb0ecbb8146
144	76bc0e876e094c35efb0d761d977028c	76bc0e876e094c35efb0d761d977028c
145	ed781d0edc12986bdf61aec3b2ee0519	ed781d0edc12986bdf61aec3b2ee0519
146	daf03a1db82530d7bec35d8765dc0a33	daf03a1db82530d7bec35d8765dc0a33
147	b5e0743b704a61af7d86bb0ecbb81467	b5e0743b704a61af7d86bb0ecbb81467
148	6bc0e876e094c35efb0d761d977028cf	6bc0e876e094c35efb0d761d977028cf
149	d781d0edc12986bdf61aec3b2ee0519f	d781d0edc12986bdf61aec3b2ee0519f
150	af03a1db82530d7bec35d8765dc0a33e	af03a1db82530d7bec35d8765dc0a33e
151	5e0743b704a61af7d86bb0ecbb81467c	5e0743b704a61af7d86bb0ecbb81467c
152	bc0e876e094c35efb0d761d977028cf9	bc0e876e094c35efb0d761d977028cf9
153	781d0edc12986bdf61aec3b2ee0519f2	781d0edc12986bdf61aec3b2ee0519f2
154	f03a1db82530d7bec35d8765dc0a33e5	f03a1db82530d7bec35d8765dc0a33e5
155	e0743b704a61af7d86bb0ecbb81467ca	e0743b704a61af7d86bb0ecbb81467ca
156	c0e876e094c35efb0d761d977028cf94	c0e876e094c35efb0d761d977028cf94
157	81d0edc12986bdf61aec3b2ee0519f28	81d0edc12986bdf61aec3b2ee0519f28
158	03a1db82530d7bec35d8765dc0a33e51	03a1db82530d7bec35d8765dc0a33e51
159	0743b704a61af7d86bb0ecbb81467ca3	0743b704a61af7d86bb0ecbb81467ca3
160	0e876e094c35efb0d761d977028cf946	0e876e094c35efb0d761d977028cf946
161	1d0edc12986bdf61aec3b2ee0519f28d	1d0edc12986bdf61aec3b2ee0519f28d
162	3a1db82530d7bec35d8765dc0a33e51a	3a1db82530d7bec35d8765dc0a33e51a
163	743b704a61af7d86bb0ecbb81467ca34	743b704a61af7d86bb0ecbb81467ca34
164	e876e094c35efb0d761d977028cf9468	e876e094c35efb0d761d977028cf9468
165	d0edc12986bdf61aec3b2ee0519f28d0	d0edc12986bdf61aec3b2ee0519f28d0
166	a1db82530d7bec35d8765dc0a33e51a0	a1db82530d7bec35d8765dc0a33e51a0
167	43b704a61af7d86bb0ecbb81467ca340	43b704a61af7d86bb0ecbb81467ca340
168	876e094c35efb0d761d977028cf94680	876e094c35efb0d761d977028cf94680
169	0edc12986bdf61aec3b2ee0519f28d00	0edc12986bdf61aec3b2ee0519f28d00
170	1db82530d7bec35d8765dc0a33e51a00	1db82530d7bec35d8765dc0a33e51a00
171	3b704a61af7d86bb0ecbb81467ca3401	3b704a61af7d86bb0ecbb81467ca3401
172	76e094c35efb0d761d977028cf946803	76e094c35efb0d761d977028cf946803
173	edc12986bdf61aec3b2ee0519f28d006	edc12986bdf61aec3b2ee0519f28d006
174	db82530d7bec35d8765dc0a33e51a00d	db82530d7bec35d8765dc0a33e51a00d
175	b704a61af7d86bb0ecbb81467ca3401a	b704a61af7d86bb0ecbb81467ca3401a
176	6e094c35efb0d761d977028cf9468035	6e094c35efb0d761d977028cf9468035
177	dc12986bdf61aec3b2ee0519f28d006b	dc12986bdf61aec3b2ee0519f28d006b
178	b82530d7bec35d8765dc0a33e51a00d6	b82530d7bec35d8765dc0a33e51a00d6
179	704a61af7d86bb0ecbb81467ca3401ac	704a61af7d86bb0ecbb81467ca3401ac
180	e094c35efb0d761d977028cf94680359	e094c35efb0d761d977028cf94680359
181	c12986bdf61aec3b2ee0519f28d006b2	c12986bdf61aec3b2ee0519f28d006b2
182	82530d7bec35d8765dc0a33e51a00d65	82530d7bec35d8765dc0a33e51a00d65
183	04a61af7d86bb0ecbb81467ca3401acb	04a61af7d86bb0ecbb81467ca3401acb
184	094c35efb0d761d977028cf946803597	094c35efb0d761d977028cf946803597
185	12986bdf61aec3b2ee0519f28d006b2f	12986bdf61aec3b2ee0519f28d006b2f
186	2530d7bec35d8765dc0a33e51a00d65f	2530d7bec35d8765dc0a33e51a00d65f
187	4a61af7d86bb0ecbb81467ca3401acbe	4a61af7d86bb0ecbb81467ca3401acbe
188	94c35efb0d761d977028cf946803597d	94c35efb0d761d977028cf946803597d
189	2986bdf61aec3b2ee0519f28d006b2fb	2986bdf61aec3b2ee0519f28d006b2fb
190	530d7bec35d8765dc0a33e51a00d65f6	530d7bec35d8765dc0a33e51a00d65f6
191	a61af7d86bb0ecbb81467ca3401acbec	a61af7d86bb0ecbb81467ca3401acbec
192	4c35efb0d761d977028cf946803597d9	4c35efb0d761d977028cf946803597d9
193	986bdf61aec3b2ee0519f28d006b2fb2	986bdf61aec3b2ee0519f28d006b2fb2
194	30d7bec35d8765dc0a33e51a00d65f65	30d7bec35d8765dc0a33e51a00d65f65
195	61af7d86bb0ecbb81467ca3401acbecb	61af7d86bb0ecbb81467ca3401acbecb
196	c35efb0d761d977028cf946803597d96	c35efb0d761d977028cf946803597d96
197	86bdf61aec3b2ee0519f28d006b2fb2c	86bdf61aec3b2ee0519f28d006b2fb2c
198	0d7bec35d8765dc0a33e51a00d65f659	0d7bec35d8765dc0a33e51a00d65f659
199	1af7d86bb0ecbb81467ca3401acbecb2	1af7d86bb0ecbb81467ca3401acbecb2
200	35efb0d761d977028cf946803597d964	35efb0d761d977028cf946803597d964
201	6bdf61aec3b2ee0519f28d006b2fb2c8	6bdf61aec3b2ee0519f28d006b2fb2c8
202	d7bec35d8765dc0a33e51a00d65f6591	d7bec35d8765dc0a33e51a00d65f6591
203	af7d86bb0ecbb81467ca3401acbecb22	af7d86bb0ecbb81467ca3401acbecb22
204	5efb0d761d977028cf946803597d9645	5efb0d761d977028cf946803597d9645
205	bdf61aec3b2ee0519f28d006b2fb2c8b	bdf61aec3b2ee0519f28d006b2fb2c8b
206	7bec35d8765dc0a33e51a00d65f65917	7bec35d8765dc0a33e51a00d65f65917
207	f7d86bb0ecbb81467ca3401acbecb22e	f7d86bb0ecbb81467ca3401acbecb22e
208	efb0d761d977028cf946803597d9645c	efb0d761d977028cf946803597d9645c
209	df61aec3b2ee0519f28d006b2fb2c8b9	df61aec3b2ee0519f28d006b2fb2c8b9
210	bec35d8765dc0a33e51a00d65f659172	bec35d8765dc0a33e51a00d65f659172
211	7d86bb0ecbb81467ca3401acbecb22e5	7d86bb0ecbb81467ca3401acbecb22e5
212	fb0d761d977028cf946803597d9645cb	fb0d761d977028cf946803597d9645cb
213	f61aec3b2ee0519f28d006b2fb2c8b96	f61aec3b2ee0519f28d006b2fb2c8b96
214	ec35d8765dc0a33e51a00d65f659172d	ec35d8765dc0a33e51a00d65f659172d
215	d86bb0ecbb81467ca3401acbecb22e5a	d86bb0ecbb81467ca3401acbecb22e5a
216	b0d761d977028cf946803597d9645cb4	b0d761d977028cf946803597d9645cb4
217	61aec3b2ee0519f28d006b2fb2c8b969	61aec3b2ee0519f28d006b2fb2c8b969
218	c35d8765dc0a33e51a00d65f659172d2	c35d8765dc0a33e51a00d65f659172d2
219	86bb0ecbb81467ca3401acbecb22e5a5	86bb0ecbb81467ca3401acbecb22e5a5
220	0d761d977028cf946803597d9645cb4b	0d761d977028cf946803597d9645cb4b
221	1aec3b2ee0519f28d006b2fb2c8b9696	1aec3b2ee0519f28d006b2fb2c8b9696
222	35d8765dc0a33e51a00d65f659172d2d	35d8765dc0a33e51a00d65f659172d2d
223	6bb0ecbb81467ca3401acbecb22e5a5a	6bb0ecbb81467ca3401acbecb22e5a5a
224	d761d977028cf946803597d9645cb4b5	d761d977028cf946803597d9645cb4b5
225	aec3b2ee0519f28d006b2fb2c8b9696b	aec3b2ee0519f28d006b2fb2c8b9696b
226	5d8765dc0a33e51a00d65f659172d2d6	5d8765dc0a33e51a00d65f659172d2d6
227	bb0ecbb81467ca3401acbecb22e5a5ad	bb0ecbb81467ca3401acbecb22e5a5ad
228	761d977028cf946803597d9645cb4b5b	761d977028cf946803597d9645cb4b5b
229	ec3b2ee0519f28d006b2fb2c8b9696b6	ec3b2ee0519f28d006b2fb2c8b9696b6
230	d8765dc0a33e51a00d65f659172d2d6c	d8765dc0a33e51a00d65f659172d2d6c
231	b0ecbb81467ca3401acbecb22e5a5ad9	b0ecbb81467ca3401acbecb22e5a5ad9
232	61d977028cf946803597d9645cb4b5b2	61d977028cf946803597d9645cb4b5b2
233	c3b2ee0519f28d006b2fb2c8b9696b64	c3b2ee0519f28d006b2fb2c8b9696b64
234	8765dc0a33e51a00d65f659172d2d6c9	8765dc0a33e51a00d65f659172d2d6c9
235	0ecbb81467ca3401acbecb22e5a5ad92	0ecbb81467ca3401acbecb22e5a5ad92
236	1d977028cf946803597d9645cb4b5b24	1d977028cf946803597d9645cb4b5b24
237	3b2ee0519f28d006b2fb2c8b9696b649	3b2ee0519f28d006b2fb2c8b9696b649
238	765dc0a33e51a00d65f659172d2d6c93	765dc0a33e51a00d65f659172d2d6c93
239	ecbb81467ca3401acbecb22e5a5ad927	ecbb81467ca3401acbecb22e5a5ad927
240	d977028cf946803597d9645cb4b5b24f	d977028cf946803597d9645cb4b5b24f
241	b2ee0519f28d006b2fb2c8b9696b649f	b2ee0519f28d006b2fb2c8b9696b649f
242	65dc0a33e51a00d65f659172d2d6c93e	65dc0a33e51a00d65f659172d2d6c93e
243	cbb81467ca3401acbecb22e5a5ad927d	cbb81467ca3401acbecb22e5a5ad927d
244	977028cf946803597d9645cb4b5b24fa	977028cf946803597d9645cb4b5b24fa
245	2ee0519f28d006b2fb2c8b9696b649f4	2ee0519f28d006b2fb2c8b9696b649f4
246	5dc0a33e51a00d65f659172d2d6c93e9	5dc0a33e51a00d65f659172d2d6c93e9
247	bb81467ca3401acbecb22e5a5ad927d3	bb81467ca3401acbecb22e5a5ad927d3
248	77028cf946803597d9645cb4b5b24fa6	77028cf946803597d9645cb4b5b24fa6
249	ee0519f28d006b2fb2c8b9696b649f4d	ee0519f28d006b2fb2c8b9696b649f4d
250	dc0a33e51a00d65f659172d2d6c93e9b	dc0a33e51a00d65f659172d2d6c93e9b
251	b81467ca3401acbecb22e5a5ad927d36	b81467ca3401acbecb22e5a5ad927d36
252	7028cf946803597d9645cb4b5b24fa6d	7028cf946803597d9645cb4b5b24fa6d
253	e0519f28d006b2fb2c8b9696b649f4da	e0519f28d006b2fb2c8b9696b649f4da
254	c0a33e51a00d65f659172d2d6c93e9b5	c0a33e51a00d65f659172d2d6c93e9b5
255	81467ca3401acbecb22e5a5ad927d36a	81467ca3401acbecb22e5a5ad927d36a
256	028cf946803597d9645cb4b5b24fa6d5	028cf946803597d9645cb4b5b24fa6d5
257	0519f28d006b2fb2c8b9696b649f4daa	0519f28d006b2fb2c8b9696b649f4daa
258	0a33e51a00d65f659172d2d6c93e9b55	0a33e51a00d65f659172d2d6c93e9b55
259	1467ca3401acbecb22e5a5ad927d36ab	1467ca3401acbecb22e5a5ad927d36ab
260	28cf946803597d9645cb4b5b24fa6d57	28cf946803597d9645cb4b5b24fa6d57
261	519f28d006b2fb2c8b9696b649f4daae	519f28d006b2fb2c8b9696b649f4daae
262	a33e51a00d65f659172d2d6c93e9b55d	a33e51a00d65f659172d2d6c93e9b55d
263	467ca3401acbecb22e5a5ad927d36aba	467ca3401acbecb22e5a5ad927d36aba
264	8cf946803597d9645cb4b5b24fa6d574	8cf946803597d9645cb4b5b24fa6d574
265	19f28d006b2fb2c8b9696b649f4daae8	19f28d006b2fb2c8b9696b649f4daae8
266	33e51a00d65f659172d2d6c93e9b55d1	33e51a00d65f659172d2d6c93e9b55d1
267	67ca3401acbecb22e5a5ad927d36aba2	67ca3401acbecb22e5a5ad927d36aba2
268	cf946803597d9645cb4b5b24fa6d5744	cf946803597d9645cb4b5b24fa6d5744
269	9f28d006b2fb2c8b9696b649f4daae89	9f28d006b2fb2c8b9696b649f4daae89
270	3e51a00d65f659172d2d6c93e9b55d13	3e51a00d65f659172d2d6c93e9b55d13
271	7ca3401acbecb22e5a5ad927d36aba26	7ca3401acbecb22e5a5ad927d36aba26
272	f946803597d9645cb4b5b24fa6d5744d	f946803597d9645cb4b5b24fa6d5744d
273	f28d006b2fb2c8b9696b649f4daae89a	f28d006b2fb2c8b9696b649f4daae89a
274	e51a00d65f659172d2d6c93e9b55d135	e51a00d65f659172d2d6c93e9b55d135
275	ca3401acbecb22e5a5ad927d36aba26a	ca3401acbecb22e5a5ad927d36aba26a
276	946803597d9645cb4b5b24fa6d5744d4	946803597d9645cb4b5b24fa6d5744d4
277	28d006b2fb2c8b9696b649f4daae89a8	28d006b2fb2c8b9696b649f4daae89a8
278	51a00d65f659172d2d6c93e9b55d1351	51a00d65f659172d2d6c93e9b55d1351
279	a3401acbecb22e5a5ad927d36aba26a2	a3401acbecb22e5a5ad927d36aba26a2
280	46803597d9645cb4b5b24fa6d5744d44	46803597d9645cb4b5b24fa6d5744d44
281	8d006b2fb2c8b9696b649f4daae89a89	8d006b2fb2c8b9696b649f4daae89a89
282	1a00d65f659172d2d6c93e9b55d13513	1a00d65f659172d2d6c93e9b55d13513
283	3401acbecb22e5a5ad927d36aba26a26	3401acbecb22e5a5ad927d36aba26a26
284	6803597d9645cb4b5b24fa6d5744d44c	6803597d9645cb4b5b24fa6d5744d44c
285	d006b2fb2c8b9696b649f4daae89a899	d006b2fb2c8b9696b649f4daae89a899
286	a00d65f659172d2d6c93e9b55d135133	a00d65f659172d2d6c93e9b55d135133
287	401acbecb22e5a5ad927d36aba26a267	401acbecb22e5a5ad927d36aba26a267
288	803597d9645cb4b5b24fa6d5744d44cf	803597d9645cb4b5b24fa6d5744d44cf
289	006b2fb2c8b9696b649f4daae89a899f	006b2fb2c8b9696b649f4daae89a899f
290	00d65f659172d2d6c93e9b55d135133e	00d65f659172d2d6c93e9b55d135133e
291	01acbecb22e5a5ad927d36aba26a267c	01acbecb22e5a5ad927d36aba26a267c
292	03597d9645cb4b5b24fa6d5744d44cf8	03597d9645cb4b5b24fa6d5744d44cf8
293	06b2fb2c8b9696b649f4daae89a899f1	06b2fb2c8b9696b649f4daae89a899f1
294	0d65f659172d2d6c93e9b55d135133e2	0d65f659172d2d6c93e9b55d135133e2
295	1acbecb22e5a5ad927d36aba26a267c5	1acbecb22e5a5ad927d36aba26a267c5
296	3597d9645cb4b5b24fa6d5744d44cf8b	3597d9645cb4b5b24fa6d5744d44cf8b
297	6b2fb2c8b9696b649f4daae89a899f16	6b2fb2c8b9696b649f4daae89a899f16
298	d65f659172d2d6c93e9b55d135133e2d	d65f659172d2d6c93e9b55d135133e2d
299	acbecb22e5a5ad927d36aba26a267c5b	acbecb22e5a5ad927d36aba26a267c5b
